日期,参数值,消息数量,占比
2020-11-14,角色,106,0.54%
2020-11-14,关联条目,62,0.31%
2020-11-14,章节,61,0.31%
2020-11-14,评论,49,0.25%
2020-11-14,讨论版,46,0.23%
2020-11-14,标签,43,0.22%
2020-11-14,详情,40,0.2%
2020-11-14,制作人员,31,0.16%
2020-11-14,系列前传,25,0.13%
2020-11-14,系列续集,20,0.1%
2020-11-14,评分分布,13,0.07%
2020-11-14,单行本,11,0.06%
2020-11-14,吐槽,8,0.04%
2020-11-14,条目,4,0.02%
2020-11-14,猜你喜欢,3,0.02%
2020-11-14,系列,2,0.01%
2020-11-14,目录,1,0.01%
2020-11-14,吐槽箱,1,0.01%
2020-11-14,收藏,1,0.01%
2020-11-15,角色,102,0.52%
2020-11-15,关联条目,91,0.46%
2020-11-15,系列续集,79,0.4%
2020-11-15,章节,78,0.39%
2020-11-15,评论,56,0.28%
2020-11-15,标签,51,0.26%
2020-11-15,讨论版,42,0.21%
2020-11-15,系列前传,38,0.19%
2020-11-15,详情,32,0.16%
2020-11-15,制作人员,26,0.13%
2020-11-15,评分分布,15,0.08%
2020-11-15,条目,10,0.05%
2020-11-15,猜你喜欢,9,0.05%
2020-11-15,吐槽,7,0.04%
2020-11-15,单行本,6,0.03%
2020-11-15,曲目列表,6,0.03%
2020-11-15,目录,4,0.02%
2020-11-15,用户动态,1,0.01%
2020-11-15,系列,1,0.01%
2020-11-15,收藏,1,0.01%
2020-11-16,角色,109,0.55%
2020-11-16,关联条目,104,0.53%
2020-11-16,章节,58,0.29%
2020-11-16,详情,58,0.29%
2020-11-16,标签,46,0.23%
2020-11-16,评论,31,0.16%
2020-11-16,讨论版,31,0.16%
2020-11-16,评分分布,26,0.13%
2020-11-16,制作人员,24,0.12%
2020-11-16,系列续集,21,0.11%
2020-11-16,系列前传,21,0.11%
2020-11-16,猜你喜欢,14,0.07%
2020-11-16,单行本,12,0.06%
2020-11-16,用户动态,9,0.05%
2020-11-16,条目,9,0.05%
2020-11-16,曲目列表,7,0.04%
2020-11-16,吐槽,6,0.03%
2020-11-16,目录,2,0.01%
2020-11-16,收藏,2,0.01%
2020-11-17,角色,79,0.4%
2020-11-17,关联条目,78,0.39%
2020-11-17,系列续集,69,0.35%
2020-11-17,章节,67,0.34%
2020-11-17,标签,62,0.31%
2020-11-17,评论,47,0.24%
2020-11-17,制作人员,41,0.21%
2020-11-17,系列前传,39,0.2%
2020-11-17,详情,31,0.16%
2020-11-17,猜你喜欢,28,0.14%
2020-11-17,讨论版,26,0.13%
2020-11-17,评分分布,21,0.11%
2020-11-17,吐槽,20,0.1%
2020-11-17,条目,9,0.05%
2020-11-17,曲目列表,7,0.04%
2020-11-17,收藏,5,0.03%
2020-11-17,单行本,1,0.01%
2020-11-18,角色,76,0.38%
2020-11-18,标签,62,0.31%
2020-11-18,制作人员,59,0.3%
2020-11-18,关联条目,47,0.24%
2020-11-18,评论,38,0.19%
2020-11-18,章节,37,0.19%
2020-11-18,系列续集,31,0.16%
2020-11-18,猜你喜欢,27,0.14%
2020-11-18,评分分布,27,0.14%
2020-11-18,详情,27,0.14%
2020-11-18,讨论版,23,0.12%
2020-11-18,系列前传,17,0.09%
2020-11-18,目录,10,0.05%
2020-11-18,吐槽,6,0.03%
2020-11-18,条目,6,0.03%
2020-11-18,收藏,1,0.01%
2020-11-19,角色,82,0.42%
2020-11-19,关联条目,70,0.35%
2020-11-19,章节,41,0.21%
2020-11-19,详情,35,0.18%
2020-11-19,标签,33,0.17%
2020-11-19,制作人员,28,0.14%
2020-11-19,评论,27,0.14%
2020-11-19,系列续集,24,0.12%
2020-11-19,讨论版,16,0.08%
2020-11-19,目录,14,0.07%
2020-11-19,评分分布,10,0.05%
2020-11-19,系列前传,8,0.04%
2020-11-19,条目,8,0.04%
2020-11-19,吐槽,7,0.04%
2020-11-19,单行本,6,0.03%
2020-11-19,用户动态,5,0.03%
2020-11-19,曲目列表,5,0.03%
2020-11-19,猜你喜欢,2,0.01%
2020-11-19,系列,1,0.01%
2020-11-19,收藏,1,0.01%
2020-11-20,角色,76,0.38%
2020-11-20,详情,61,0.31%
2020-11-20,关联条目,52,0.26%
2020-11-20,章节,49,0.25%
2020-11-20,标签,36,0.18%
2020-11-20,评论,32,0.16%
2020-11-20,制作人员,29,0.15%
2020-11-20,讨论版,26,0.13%
2020-11-20,评分分布,17,0.09%
2020-11-20,系列续集,14,0.07%
2020-11-20,条目,9,0.05%
2020-11-20,系列前传,8,0.04%
2020-11-20,猜你喜欢,7,0.04%
2020-11-20,吐槽,7,0.04%
2020-11-20,曲目列表,3,0.02%
2020-11-20,单行本,2,0.01%
2020-11-21,章节,104,0.53%
2020-11-21,角色,103,0.52%
2020-11-21,系列续集,71,0.36%
2020-11-21,评论,62,0.31%
2020-11-21,关联条目,47,0.24%
2020-11-21,讨论版,44,0.22%
2020-11-21,标签,40,0.2%
2020-11-21,系列前传,38,0.19%
2020-11-21,详情,27,0.14%
2020-11-21,评分分布,25,0.13%
2020-11-21,制作人员,22,0.11%
2020-11-21,吐槽,16,0.08%
2020-11-21,猜你喜欢,9,0.05%
2020-11-21,条目,5,0.03%
2020-11-21,收藏,5,0.03%
2020-11-21,单行本,4,0.02%
2020-11-21,目录,2,0.01%
2020-11-21,曲目列表,2,0.01%
2020-11-22,角色,157,0.79%
2020-11-22,章节,88,0.45%
2020-11-22,关联条目,82,0.42%
2020-11-22,评论,79,0.4%
2020-11-22,系列续集,63,0.32%
2020-11-22,标签,55,0.28%
2020-11-22,详情,49,0.25%
2020-11-22,制作人员,48,0.24%
2020-11-22,讨论版,34,0.17%
2020-11-22,评分分布,31,0.16%
2020-11-22,系列前传,29,0.15%
2020-11-22,吐槽,13,0.07%
2020-11-22,条目,11,0.06%
2020-11-22,单行本,8,0.04%
2020-11-22,猜你喜欢,6,0.03%
2020-11-22,曲目列表,3,0.02%
2020-11-22,用户动态,2,0.01%
2020-11-22,目录,1,0.01%
2020-11-23,角色,129,0.65%
2020-11-23,关联条目,85,0.43%
2020-11-23,章节,69,0.35%
2020-11-23,系列续集,53,0.27%
2020-11-23,标签,50,0.25%
2020-11-23,评论,49,0.25%
2020-11-23,制作人员,31,0.16%
2020-11-23,详情,30,0.15%
2020-11-23,系列前传,24,0.12%
2020-11-23,评分分布,23,0.12%
2020-11-23,讨论版,17,0.09%
2020-11-23,条目,16,0.08%
2020-11-23,猜你喜欢,11,0.06%
2020-11-23,单行本,7,0.04%
2020-11-23,目录,5,0.03%
2020-11-23,吐槽,4,0.02%
2020-11-23,曲目列表,3,0.02%
2020-11-23,用户动态,2,0.01%
2020-11-24,关联条目,79,0.4%
2020-11-24,标签,55,0.28%
2020-11-24,角色,55,0.28%
2020-11-24,章节,54,0.27%
2020-11-24,评论,31,0.16%
2020-11-24,系列续集,29,0.15%
2020-11-24,详情,28,0.14%
2020-11-24,制作人员,25,0.13%
2020-11-24,系列前传,21,0.11%
2020-11-24,讨论版,14,0.07%
2020-11-24,单行本,11,0.06%
2020-11-24,条目,9,0.05%
2020-11-24,评分分布,9,0.05%
2020-11-24,猜你喜欢,4,0.02%
2020-11-24,吐槽,4,0.02%
2020-11-24,目录,3,0.02%
2020-11-24,曲目列表,3,0.02%
2020-11-24,系列,1,0.01%
2020-11-25,系列续集,89,0.45%
2020-11-25,关联条目,82,0.42%
2020-11-25,章节,60,0.3%
2020-11-25,标签,53,0.27%
2020-11-25,角色,49,0.25%
2020-11-25,系列前传,44,0.22%
2020-11-25,猜你喜欢,27,0.14%
2020-11-25,制作人员,26,0.13%
2020-11-25,评论,26,0.13%
2020-11-25,评分分布,24,0.12%
2020-11-25,详情,23,0.12%
2020-11-25,讨论版,21,0.11%
2020-11-25,单行本,16,0.08%
2020-11-25,吐槽,8,0.04%
2020-11-25,条目,6,0.03%
2020-11-25,用户动态,2,0.01%
2020-11-25,目录,1,0.01%
2020-11-25,收藏,1,0.01%
2020-11-25,曲目列表,1,0.01%
2020-11-26,章节,103,0.52%
2020-11-26,关联条目,86,0.44%
2020-11-26,角色,79,0.4%
2020-11-26,标签,44,0.22%
2020-11-26,系列续集,37,0.19%
2020-11-26,评论,35,0.18%
2020-11-26,制作人员,34,0.17%
2020-11-26,详情,31,0.16%
2020-11-26,系列前传,25,0.13%
2020-11-26,讨论版,21,0.11%
2020-11-26,评分分布,15,0.08%
2020-11-26,猜你喜欢,14,0.07%
2020-11-26,吐槽,8,0.04%
2020-11-26,条目,5,0.03%
2020-11-26,单行本,3,0.02%
2020-11-26,目录,2,0.01%
2020-11-26,收藏,1,0.01%
2020-11-26,曲目列表,1,0.01%
2020-11-27,角色,162,0.82%
2020-11-27,章节,103,0.52%
2020-11-27,关联条目,88,0.45%
2020-11-27,评论,60,0.3%
2020-11-27,标签,48,0.24%
2020-11-27,详情,38,0.19%
2020-11-27,评分分布,33,0.17%
2020-11-27,制作人员,29,0.15%
2020-11-27,讨论版,27,0.14%
2020-11-27,系列续集,14,0.07%
2020-11-27,条目,13,0.07%
2020-11-27,系列前传,11,0.06%
2020-11-27,曲目列表,9,0.05%
2020-11-27,单行本,8,0.04%
2020-11-27,猜你喜欢,6,0.03%
2020-11-27,吐槽,6,0.03%
2020-11-27,目录,3,0.02%
2020-11-27,用户动态,2,0.01%
2020-11-27,收藏,2,0.01%
2020-11-28,角色,148,0.75%
2020-11-28,章节,118,0.6%
2020-11-28,关联条目,103,0.52%
2020-11-28,详情,65,0.33%
2020-11-28,标签,48,0.24%
2020-11-28,制作人员,41,0.21%
2020-11-28,系列续集,40,0.2%
2020-11-28,评论,40,0.2%
2020-11-28,系列前传,36,0.18%
2020-11-28,讨论版,35,0.18%
2020-11-28,评分分布,30,0.15%
2020-11-28,单行本,23,0.12%
2020-11-28,条目,20,0.1%
2020-11-28,猜你喜欢,13,0.07%
2020-11-28,吐槽,10,0.05%
2020-11-28,收藏,4,0.02%
2020-11-28,曲目列表,3,0.02%
2020-11-28,目录,2,0.01%
2020-11-28,系列,2,0.01%
2020-11-28,用户动态,1,0.01%
2020-11-29,角色,187,0.95%
2020-11-29,关联条目,132,0.67%
2020-11-29,章节,122,0.62%
2020-11-29,评论,80,0.41%
2020-11-29,标签,61,0.31%
2020-11-29,详情,61,0.31%
2020-11-29,制作人员,50,0.25%
2020-11-29,讨论版,37,0.19%
2020-11-29,系列续集,26,0.13%
2020-11-29,评分分布,25,0.13%
2020-11-29,系列前传,17,0.09%
2020-11-29,吐槽,17,0.09%
2020-11-29,猜你喜欢,9,0.05%
2020-11-29,曲目列表,8,0.04%
2020-11-29,条目,7,0.04%
2020-11-29,单行本,6,0.03%
2020-11-29,用户动态,2,0.01%
2020-11-29,收藏,2,0.01%
2020-11-29,目录,1,0.01%
2020-11-30,角色,160,0.81%
2020-11-30,关联条目,103,0.52%
2020-11-30,制作人员,83,0.42%
2020-11-30,章节,79,0.4%
2020-11-30,评分分布,62,0.31%
2020-11-30,标签,57,0.29%
2020-11-30,系列续集,54,0.27%
2020-11-30,评论,53,0.27%
2020-11-30,详情,52,0.26%
2020-11-30,系列前传,40,0.2%
2020-11-30,讨论版,29,0.15%
2020-11-30,猜你喜欢,19,0.1%
2020-11-30,单行本,13,0.07%
2020-11-30,吐槽,9,0.05%
2020-11-30,用户动态,5,0.03%
2020-11-30,条目,4,0.02%
2020-11-30,目录,3,0.02%
2020-11-30,收藏,2,0.01%
2020-11-30,系列,1,0.01%
2020-11-30,曲目列表,1,0.01%
2020-12-01,角色,176,0.89%
2020-12-01,关联条目,96,0.49%
2020-12-01,系列续集,89,0.45%
2020-12-01,标签,61,0.31%
2020-12-01,系列前传,56,0.28%
2020-12-01,章节,50,0.25%
2020-12-01,评分分布,39,0.2%
2020-12-01,详情,39,0.2%
2020-12-01,评论,31,0.16%
2020-12-01,制作人员,30,0.15%
2020-12-01,讨论版,21,0.11%
2020-12-01,猜你喜欢,13,0.07%
2020-12-01,单行本,3,0.02%
2020-12-01,吐槽,3,0.02%
2020-12-01,曲目列表,2,0.01%
2020-12-01,用户动态,1,0.01%
2020-12-01,目录,1,0.01%
2020-12-01,系列,1,0.01%
2020-12-01,条目,1,0.01%
2020-12-01,收藏,1,0.01%
2020-12-02,角色,133,0.67%
2020-12-02,章节,97,0.49%
2020-12-02,关联条目,67,0.34%
2020-12-02,系列续集,54,0.27%
2020-12-02,评分分布,45,0.23%
2020-12-02,标签,37,0.19%
2020-12-02,制作人员,33,0.17%
2020-12-02,详情,32,0.16%
2020-12-02,评论,27,0.14%
2020-12-02,系列前传,22,0.11%
2020-12-02,讨论版,19,0.1%
2020-12-02,猜你喜欢,11,0.06%
2020-12-02,单行本,11,0.06%
2020-12-02,吐槽,9,0.05%
2020-12-02,曲目列表,5,0.03%
2020-12-02,条目,4,0.02%
2020-12-02,用户动态,1,0.01%
2020-12-02,目录,1,0.01%
2020-12-02,收藏,1,0.01%
2020-12-03,章节,92,0.47%
2020-12-03,角色,77,0.39%
2020-12-03,标签,59,0.3%
2020-12-03,关联条目,49,0.25%
2020-12-03,评分分布,40,0.2%
2020-12-03,评论,36,0.18%
2020-12-03,制作人员,35,0.18%
2020-12-03,详情,25,0.13%
2020-12-03,系列前传,21,0.11%
2020-12-03,系列续集,19,0.1%
2020-12-03,讨论版,17,0.09%
2020-12-03,单行本,16,0.08%
2020-12-03,曲目列表,10,0.05%
2020-12-03,吐槽,6,0.03%
2020-12-03,猜你喜欢,2,0.01%
2020-12-03,条目,2,0.01%
2020-12-03,收藏,2,0.01%
2020-12-03,用户动态,1,0.01%
2020-12-04,角色,118,0.6%
2020-12-04,关联条目,73,0.37%
2020-12-04,章节,65,0.33%
2020-12-04,标签,61,0.31%
2020-12-04,制作人员,50,0.25%
2020-12-04,详情,35,0.18%
2020-12-04,评论,34,0.17%
2020-12-04,评分分布,30,0.15%
2020-12-04,讨论版,30,0.15%
2020-12-04,系列续集,27,0.14%
2020-12-04,系列前传,23,0.12%
2020-12-04,条目,6,0.03%
2020-12-04,猜你喜欢,5,0.03%
2020-12-04,吐槽,5,0.03%
2020-12-04,用户动态,4,0.02%
2020-12-04,曲目列表,4,0.02%
2020-12-04,收藏,2,0.01%
2020-12-04,目录,1,0.01%
2020-12-04,系列,1,0.01%
2020-12-04,单行本,1,0.01%
2020-12-05,角色,153,0.77%
2020-12-05,章节,98,0.5%
2020-12-05,详情,79,0.4%
2020-12-05,关联条目,51,0.26%
2020-12-05,评分分布,50,0.25%
2020-12-05,评论,50,0.25%
2020-12-05,系列续集,44,0.22%
2020-12-05,制作人员,40,0.2%
2020-12-05,系列前传,37,0.19%
2020-12-05,标签,36,0.18%
2020-12-05,讨论版,36,0.18%
2020-12-05,吐槽,29,0.15%
2020-12-05,条目,9,0.05%
2020-12-05,猜你喜欢,8,0.04%
2020-12-05,单行本,7,0.04%
2020-12-05,曲目列表,5,0.03%
2020-12-05,用户动态,1,0.01%
2020-12-05,目录,1,0.01%
2020-12-05,系列,1,0.01%
2020-12-06,角色,127,0.64%
2020-12-06,章节,111,0.56%
2020-12-06,关联条目,64,0.32%
2020-12-06,评论,64,0.32%
2020-12-06,详情,59,0.3%
2020-12-06,制作人员,47,0.24%
2020-12-06,评分分布,41,0.21%
2020-12-06,系列续集,37,0.19%
2020-12-06,讨论版,36,0.18%
2020-12-06,系列前传,34,0.17%
2020-12-06,标签,32,0.16%
2020-12-06,吐槽,20,0.1%
2020-12-06,单行本,10,0.05%
2020-12-06,条目,8,0.04%
2020-12-06,收藏,3,0.02%
2020-12-06,猜你喜欢,2,0.01%
2020-12-06,目录,2,0.01%
2020-12-06,用户动态,1,0.01%
2020-12-06,曲目列表,1,0.01%
2020-12-07,角色,171,0.87%
2020-12-07,章节,159,0.81%
2020-12-07,关联条目,99,0.5%
2020-12-07,制作人员,65,0.33%
2020-12-07,标签,58,0.29%
2020-12-07,详情,51,0.26%
2020-12-07,系列续集,50,0.25%
2020-12-07,评论,50,0.25%
2020-12-07,评分分布,43,0.22%
2020-12-07,讨论版,38,0.19%
2020-12-07,系列前传,36,0.18%
2020-12-07,猜你喜欢,16,0.08%
2020-12-07,单行本,11,0.06%
2020-12-07,条目,9,0.05%
2020-12-07,吐槽,7,0.04%
2020-12-07,收藏,2,0.01%
2020-12-07,目录,1,0.01%
2020-12-07,系列,1,0.01%
2020-12-08,角色,300,1.52%
2020-12-08,章节,102,0.52%
2020-12-08,评分分布,88,0.45%
2020-12-08,关联条目,83,0.42%
2020-12-08,评论,67,0.34%
2020-12-08,详情,58,0.29%
2020-12-08,标签,55,0.28%
2020-12-08,制作人员,51,0.26%
2020-12-08,系列续集,49,0.25%
2020-12-08,讨论版,39,0.2%
2020-12-08,系列前传,32,0.16%
2020-12-08,单行本,18,0.09%
2020-12-08,吐槽,13,0.07%
2020-12-08,猜你喜欢,11,0.06%
2020-12-08,曲目列表,9,0.05%
2020-12-08,条目,7,0.04%
2020-12-08,目录,6,0.03%
2020-12-08,系列,1,0.01%
2020-12-08,收藏,1,0.01%
2020-12-09,角色,118,0.6%
2020-12-09,关联条目,84,0.43%
2020-12-09,章节,81,0.41%
2020-12-09,详情,58,0.29%
2020-12-09,系列续集,49,0.25%
2020-12-09,制作人员,43,0.22%
2020-12-09,标签,41,0.21%
2020-12-09,评论,34,0.17%
2020-12-09,系列前传,30,0.15%
2020-12-09,讨论版,28,0.14%
2020-12-09,评分分布,18,0.09%
2020-12-09,单行本,13,0.07%
2020-12-09,条目,7,0.04%
2020-12-09,猜你喜欢,6,0.03%
2020-12-09,吐槽,6,0.03%
2020-12-09,收藏,2,0.01%
2020-12-09,用户动态,1,0.01%
2020-12-09,目录,1,0.01%
2020-12-09,曲目列表,1,0.01%
2020-12-10,角色,161,0.82%
2020-12-10,章节,80,0.41%
2020-12-10,关联条目,71,0.36%
2020-12-10,系列续集,70,0.35%
2020-12-10,系列前传,53,0.27%
2020-12-10,评分分布,41,0.21%
2020-12-10,详情,41,0.21%
2020-12-10,评论,39,0.2%
2020-12-10,标签,37,0.19%
2020-12-10,制作人员,32,0.16%
2020-12-10,讨论版,29,0.15%
2020-12-10,猜你喜欢,21,0.11%
2020-12-10,单行本,10,0.05%
2020-12-10,条目,7,0.04%
2020-12-10,吐槽,6,0.03%
2020-12-10,曲目列表,6,0.03%
2020-12-10,用户动态,2,0.01%
2020-12-10,目录,1,0.01%
2020-12-10,系列,1,0.01%
2020-12-10,收藏,1,0.01%
2020-12-11,关联条目,91,0.46%
2020-12-11,角色,74,0.37%
2020-12-11,章节,70,0.35%
2020-12-11,系列续集,60,0.3%
2020-12-11,详情,58,0.29%
2020-12-11,系列前传,43,0.22%
2020-12-11,评论,42,0.21%
2020-12-11,标签,37,0.19%
2020-12-11,评分分布,34,0.17%
2020-12-11,讨论版,23,0.12%
2020-12-11,制作人员,22,0.11%
2020-12-11,猜你喜欢,19,0.1%
2020-12-11,吐槽,10,0.05%
2020-12-11,单行本,8,0.04%
2020-12-11,条目,6,0.03%
2020-12-11,用户动态,3,0.02%
2020-12-11,目录,2,0.01%
2020-12-11,收藏,1,0.01%
2020-12-12,关联条目,134,0.68%
2020-12-12,章节,117,0.59%
2020-12-12,角色,111,0.56%
2020-12-12,系列续集,62,0.31%
2020-12-12,制作人员,57,0.29%
2020-12-12,详情,47,0.24%
2020-12-12,标签,42,0.21%
2020-12-12,评分分布,37,0.19%
2020-12-12,系列前传,35,0.18%
2020-12-12,评论,34,0.17%
2020-12-12,讨论版,27,0.14%
2020-12-12,吐槽,14,0.07%
2020-12-12,猜你喜欢,10,0.05%
2020-12-12,单行本,5,0.03%
2020-12-12,条目,5,0.03%
2020-12-12,曲目列表,5,0.03%
2020-12-12,用户动态,2,0.01%
2020-12-12,收藏,2,0.01%
2020-12-12,目录,1,0.01%
2020-12-13,角色,191,0.97%
2020-12-13,章节,166,0.84%
2020-12-13,关联条目,136,0.69%
2020-12-13,系列续集,94,0.48%
2020-12-13,系列前传,64,0.32%
2020-12-13,标签,61,0.31%
2020-12-13,评论,50,0.25%
2020-12-13,详情,48,0.24%
2020-12-13,评分分布,40,0.2%
2020-12-13,讨论版,37,0.19%
2020-12-13,制作人员,35,0.18%
2020-12-13,猜你喜欢,12,0.06%
2020-12-13,吐槽,10,0.05%
2020-12-13,条目,7,0.04%
2020-12-13,目录,6,0.03%
2020-12-13,曲目列表,6,0.03%
2020-12-13,单行本,4,0.02%
2020-12-13,用户动态,1,0.01%
2020-12-13,系列,1,0.01%
2020-12-13,收藏,1,0.01%
